myeyelab,stantonoptical
locations/jacksonville-hodges/,locations/mishawaka/
locations/orange-park/,locations/corpus-christi/
locations/kendall/,locations/modesto/
locations/coral-springs/,locations/augusta/
locations/hollywood-east/,locations/omaha/
locations/hialeah/,locations/madison-east/
locations/pembroke-pines/,locations/beavercreek/
locations/fort-lauderdale/,locations/peoria/
locations/north-miami-beach/,locations/roseville/
locations/savannah/,locations/sacramento-arden-arcade/
locations/cutler-bay/,locations/fair-oaks/
locations/lauderhill/,locations/toledo/
locations/hollywood-west/,locations/madison-west/
locations/westchester/,locations/fresno-pinedale/
locations/miami-lakes/,locations/visalia/
locations/mcallen/,locations/knoxville-west-town/
locations/little-havana/,locations/tonawanda/
locations/jacksonville-river-city-marketplace/,locations/jupiter/
locations/florida-city/,locations/pensacola/
locations/lewisville-vista-ridge/,locations/stuart/
locations/selma/,locations/evansville/
locations/dallas-midway/,locations/palm-springs/
locations/desoto/,locations/mobile/
locations/cedar-hill/,locations/fort-wayne/
locations/league-city/,locations/bakersfield/
locations/pearland-town-center/,locations/stockton/
locations/fort-worth-champions-center/,locations/lubbock/
locations/euless/,locations/boca-raton/
locations/arlington-champions-park/,locations/west-palm-beach-forest-hill/
locations/hinesville/,locations/albuquerque-west/
locations/fort-worth-westover-village/,locations/el-paso-the-fountains/
locations/houston-west-oaks/,locations/anchorage/
locations/san-antonio-westover/,locations/albuquerque-east/
locations/houston-silber-shavelson/,locations/beaumont/
locations/windcrest/,locations/greenville/
locations/stafford/,locations/columbia-harbison/
locations/cypress/,locations/tyler/
locations/houston-westchase/,locations/tallahassee/
locations/fort-worth-presidio-towne/,locations/waco/
locations/fort-worth-hulen/,locations/yuba-city/
locations/humble-kroger/,locations/tulsa/
locations/hurst/,locations/knoxville-farragut/
locations/richmond/,locations/sherman/
locations/rockwall/,locations/salinas/
locations/sugar-land/,locations/santee/
locations/tomball/,locations/merced/
locations/houston-wallisville/,locations/nampa/
locations/gainesville-archer-road/,locations/santa-maria/
locations/davie/,locations/la-mesa/
locations/frisco/,locations/palm-beach-gardens/
locations/concord/,locations/odessa/
locations/gastonia/,locations/little-rock/
locations/saginaw/,locations/college-station/
locations/statesboro/,locations/spartanburg/
locations/orlando/,locations/amarillo/
locations/brownsville-tx/,locations/chula-vista/
locations/jacksonville-mandarin/,locations/ridgeland/
locations/salisbury/,locations/santa-fe/
locations/harlingen/,locations/national-city/
locations/charlotte-woodlawn/,locations/escondido/
locations/lawton/,locations/gresham/
locations/hickory/,locations/asheville/
locations/charlotte-northlake/,locations/tigard/
locations/charlotte-rivergate-south/,locations/holland/
locations/charlotte-albemarle-road/,locations/columbia-two-notch/
locations/kernersville/,locations/oceanside/
locations/burlington/,locations/hazel-dell/
locations/cornelius/,locations/clackamas/
locations/winston-salem/,locations/west-allis/
locations/greensboro-wendover-ave/,locations/vista/
locations/orange-city-fl/,locations/abilene/
locations/mesquite/,locations/wichita/
locations/arlington-s-cooper-street/,locations/anderson/
locations/morrow/,locations/brookfield-north/
locations/snellville/,locations/elk-grove/
locations/brookhaven/,locations/killeen/
locations/duluth/,locations/las-cruces/
locations/austell/,locations/el-paso-sunland/
locations/athens/,locations/fresno-eastgate/
locations/buford/,locations/west-palm-beach-okeechobee/
locations/kennesaw/,locations/farmington/
locations/houston-249-cypresswood/,locations/lodi/
locations/modesto-sylvan-ave/,locations/kenosha/
locations/atlanta-howell-mill-road/,locations/san-diego-stonecrest/
locations/grand-prairie/,locations/davenport/
locations/carrollton/,locations/medford/
locations/garland-firewheel/,locations/lafayette/
locations/irving/,locations/wilmington/
locations/missouri-city/,locations/janesville/
locations/new-caney-valley-ranch/,locations/shreveport/
locations/san-antonio-city-base/,locations/sacramento-florin/
locations/san-antonio-general-mcmullen/,locations/houma/
locations/san-antonio-vance-jackson/,locations/marrero/
locations/laredo/,locations/greer/
locations/mckinney/,locations/metairie/
locations/richardson/,locations/clovis/
locations/bowling-green/,locations/greenfield/
locations/garland-south/,locations/lincoln/
locations/north-frisco-prosper/,locations/longview/
locations/gainesville-hwy-82/,locations/midland/
locations/cedar-park/,locations/oak-creek/
locations/woodstock/,locations/san-angelo/
locations/cumming/,locations/slidell/
locations/hoover-cahaba-al/,locations/springfield/
locations/round-rock/,locations/boise/
locations/hoover-riverchase-al/,locations/knoxville-south-tn/
locations/forney/,locations/onalaska/
locations/pompano-beach/,locations/albuquerque-atrisco/
locations/spring/,locations/sand-springs/
locations/cartersville/,locations/chico/
locations/plano/,locations/los-banos/
locations/mansfield/,locations/owasso/
locations/dawsonville/,locations/el-paso-zaraplex-tx/
locations/conyers/,locations/hanford-ca/
locations/fayetteville/,locations/delano-ca/
locations/covington/,locations/redding-ca/
locations/douglasville/,locations/porterville-ca/
locations/smyrna/,locations/vero-beach-fl/
locations/pearland-pearland-parkway/,locations/nacogdoches-tx/
locations/deer-park-la-porte/,locations/bossier-city-la/
locations/plantation/,locations/turlock-ca/
locations/deerfield-beach/,
locations/lewisville-stemmons/,
locations/dallas-buckner/,
locations/oklahoma-city-penn-park/,
locations/oklahoma-city-s-macarthur/,
locations/norman/,
locations/oklahoma-city-french-market/,
locations/del-city/,
locations/murphy/,
locations/waxahachie/,
locations/marietta/,
locations/san-antonio-bandera/,
locations/san-antonio-i35-sw-military/,
locations/san-antonio-mccullough-410/,
locations/dallas-high-point/,
locations/north-richland-hills/,
locations/austin-parmer-center/,
locations/dallas-love-field/,
locations/san-antonio-potranco-1604/,
locations/katy/,
locations/houston-almeda/,
locations/pasadena/,
locations/acworth/,
locations/peachtree-city/,
locations/lewisville-castle-hills/,
locations/flower-mound/,
locations/weatherford/,
locations/las-colinas-tx/,
locations/austin-southpark-meadows/,
locations/houston-west-road/,
locations/denton-rayzor-ranch/,
locations/denton-crossing/,
locations/sandy-springs/,
locations/arlington-little-road/,
locations/dallas-oak-cliff/,
locations/rock-hill-sc/,
locations/griffin-ga/,
locations/warner-robins-ga/,
locations/opelika-al/,
locations/newnan-ga/,
locations/hixson-tn/,
locations/houston-heights-tx/,
locations/paris-tx/,
